{
    "type": "YOUR TYPE",
    "project_id": "YOUR PROJECT",
    "private_key_id": "YOUR KEY",
    "private_key": "YOUR PRIVATE KEY",
    "client_email": "YOUR CLIENT EMAIL",
    "client_id": "YOUR CLIENT ID",
    "auth_uri": "YOUR AUTH URI",
    "token_uri": "YOUR TOKEN URI",
    "auth_provider_x509_cert_url": "YOUR AUTH PROVIDER URI",
    "client_x509_cert_url": "YOUR CERT URL",
    "universe_domain": "YOUR UNIVERSE DOMAIN",
    "dataset": "wallaroo_workshop_public",
    "input_table": "bike_rentals",
    "results_table": "bike_rentals_predictions"
}